order,video_id,filename,gcs_path
1,7579736774109433102,video-5starhofdw-20251203205033-7579736774109433102.mp4,videos/00_videos/video-5starhofdw-20251203205033-7579736774109433102.mp4
2,7578462973514009878,video-abbitrotte-20251130102657-7578462973514009878.mp4,videos/00_videos/video-abbitrotte-20251130102657-7578462973514009878.mp4
3,7576886187588537607,video-alikpkpoli-20251126042813-7576886187588537607.mp4,videos/00_videos/video-alikpkpoli-20251126042813-7576886187588537607.mp4
4,7152200715446881582,video-brooksrunn-20221008175151-7152200715446881582.mp4,videos/00_videos/video-brooksrunn-20221008175151-7152200715446881582.mp4
5,7204235160307485994,video-brooksrunn-20230225231200-7204235160307485994.mp4,videos/00_videos/video-brooksrunn-20230225231200-7204235160307485994.mp4
6,7328547026084351278,video-brooksrunn-20240126230545-7328547026084351278.mp4,videos/00_videos/video-brooksrunn-20240126230545-7328547026084351278.mp4
7,7342955552827362606,video-brooksrunn-20240305185757-7342955552827362606.mp4,videos/00_videos/video-brooksrunn-20240305185757-7342955552827362606.mp4
8,7484307148525128991,video-brooksrunn-20250321165458-7484307148525128991.mp4,videos/00_videos/video-brooksrunn-20250321165458-7484307148525128991.mp4
9,7560393333084802334,video-brooksrunn-20251012174740-7560393333084802334.mp4,videos/00_videos/video-brooksrunn-20251012174740-7560393333084802334.mp4
10,7303536120803921183,video-campthropo-20231120133040-7303536120803921183.mp4,videos/00_videos/video-campthropo-20231120133040-7303536120803921183.mp4
11,7400450544063483169,video-chailatteb-20240807172751-7400450544063483169.mp4,videos/00_videos/video-chailatteb-20240807172751-7400450544063483169.mp4
12,7504106779723189547,video-danielacar-20250514012719-7504106779723189547.mp4,videos/00_videos/video-danielacar-20250514012719-7504106779723189547.mp4
13,6921827283934186757,video-highsnobie-20210125222516-6921827283934186757.mp4,videos/00_videos/video-highsnobie-20210125222516-6921827283934186757.mp4
14,7481363159966649646,video-hoka-20250313183013-7481363159966649646.mp4,videos/00_videos/video-hoka-20250313183013-7481363159966649646.mp4
15,7578958219381345557,video-itsjayaaro-20251201182848-7578958219381345557.mp4,videos/00_videos/video-itsjayaaro-20251201182848-7578958219381345557.mp4
16,7257917516893228314,video-jdofficial-20230720150653-7257917516893228314.mp4,videos/00_videos/video-jdofficial-20230720150653-7257917516893228314.mp4
17,7577821875800247608,video-kimroose-20251128165912-7577821875800247608.mp4,videos/00_videos/video-kimroose-20251128165912-7577821875800247608.mp4
18,7539347324250639671,video-kingjodey-20250817003838-7539347324250639671.mp4,videos/00_videos/video-kingjodey-20250817003838-7539347324250639671.mp4
19,7374806941983362311,video-krystineco-20240530145731-7374806941983362311.mp4,videos/00_videos/video-krystineco-20240530145731-7374806941983362311.mp4
20,7502108735666523438,video-limitless_-20250508161343-7502108735666523438.mp4,videos/00_videos/video-limitless_-20250508161343-7502108735666523438.mp4
21,7359564484823813408,video-lopekursno-20240419130903-7359564484823813408.mp4,videos/00_videos/video-lopekursno-20240419130903-7359564484823813408.mp4
22,7438442213572562222,video-luvhrsbea-20241118023453-7438442213572562222.mp4,videos/00_videos/video-luvhrsbea-20241118023453-7438442213572562222.mp4
23,7569997717817101598,video-megatron51-20251107145750-7569997717817101598.mp4,videos/00_videos/video-megatron51-20251107145750-7569997717817101598.mp4
24,7555226681426840887,video-milesbyjen-20250928193851-7555226681426840887.mp4,videos/00_videos/video-milesbyjen-20250928193851-7555226681426840887.mp4
25,7576280762253708575,video-morninkauf-20251124131940-7576280762253708575.mp4,videos/00_videos/video-morninkauf-20251124131940-7576280762253708575.mp4
26,7518624426657697032,video-natalianar-20250622042251-7518624426657697032.mp4,videos/00_videos/video-natalianar-20250622042251-7518624426657697032.mp4
27,7579347300292594956,video-nicolelowe-20251202193839-7579347300292594956.mp4,videos/00_videos/video-nicolelowe-20251202193839-7579347300292594956.mp4
28,7559905871526890774,video-odsdesigne-20251011101554-7559905871526890774.mp4,videos/00_videos/video-odsdesigne-20251011101554-7559905871526890774.mp4
29,7515396256915524866,video-onrunning-20250613113551-7515396256915524866.mp4,videos/00_videos/video-onrunning-20250613113551-7515396256915524866.mp4
30,7552177255070354710,video-onrunning-20250920142456-7552177255070354710.mp4,videos/00_videos/video-onrunning-20250920142456-7552177255070354710.mp4
31,7548486490666421535,video-ragank622-20250910154322-7548486490666421535.mp4,videos/00_videos/video-ragank622-20250910154322-7548486490666421535.mp4
32,7546945339077578006,video-rbcmagazin-20250906120225-7546945339077578006.mp4,videos/00_videos/video-rbcmagazin-20250906120225-7546945339077578006.mp4
33,7154729797413768454,video-runningric-20221015132549-7154729797413768454.mp4,videos/00_videos/video-runningric-20221015132549-7154729797413768454.mp4
34,7541561353530641678,video-runwithsul-20250822235019-7541561353530641678.mp4,videos/00_videos/video-runwithsul-20250822235019-7541561353530641678.mp4
35,7572124088643194142,video-sarafinds8-20251113082954-7572124088643194142.mp4,videos/00_videos/video-sarafinds8-20251113082954-7572124088643194142.mp4
36,7400800690462854442,video-saucony-20240808160633-7400800690462854442.mp4,videos/00_videos/video-saucony-20240808160633-7400800690462854442.mp4
37,7466134563111193888,video-sportsbugo-20250131173529-7466134563111193888.mp4,videos/00_videos/video-sportsbugo-20250131173529-7466134563111193888.mp4
38,7522784141520276738,video-sportsshoe-20250703092440-7522784141520276738.mp4,videos/00_videos/video-sportsshoe-20250703092440-7522784141520276738.mp4
39,7444963790166461742,video-tatianamom-20241205162158-7444963790166461742.mp4,videos/00_videos/video-tatianamom-20241205162158-7444963790166461742.mp4
40,7571475837065727287,video-thefoodiep-20251111143359-7571475837065727287.mp4,videos/00_videos/video-thefoodiep-20251111143359-7571475837065727287.mp4
41,7366345827540831534,video-themacrosh-20240507194413-7366345827540831534.mp4,videos/00_videos/video-themacrosh-20240507194413-7366345827540831534.mp4
42,7577174082353892630,video-user159857-20251126230525-7577174082353892630.mp4,videos/00_videos/video-user159857-20251126230525-7577174082353892630.mp4
43,7536112963095399682,video-wealthwith-20250808072723-7536112963095399682.mp4,videos/00_videos/video-wealthwith-20250808072723-7536112963095399682.mp4
44,7569778374495800606,video-yoseirisn-20251107004626-7569778374495800606.mp4,videos/00_videos/video-yoseirisn-20251107004626-7569778374495800606.mp4
45,7416476305190931743,video-youraverag-20240919215607-7416476305190931743.mp4,videos/00_videos/video-youraverag-20240919215607-7416476305190931743.mp4
46,7255759458909883690,video-abbeywellm-20230714193240-7255759458909883690.mp4,videos/01_media/00_videos/video-abbeywellm-20230714193240-7255759458909883690.mp4
47,7322021281577176353,video-adzjtg-20240109090226-7322021281577176353.mp4,videos/01_media/00_videos/video-adzjtg-20240109090226-7322021281577176353.mp4
48,7489022962868210962,video-aliffatihi-20250403095401-7489022962868210962.mp4,videos/01_media/00_videos/video-aliffatihi-20250403095401-7489022962868210962.mp4
49,7428628567317040414,video-alisxle-20241022155317-7428628567317040414.mp4,videos/01_media/00_videos/video-alisxle-20241022155317-7428628567317040414.mp4
50,7411370167222996266,video-arialovesl-20240906034133-7411370167222996266.mp4,videos/01_media/00_videos/video-arialovesl-20240906034133-7411370167222996266.mp4
